first,gender
Alexis,f
Allison,f
Amanda,f
Amy,f
Angelina,f
Ann,f
April,f
Ariel,f
Barbara,f
Carrie,f
Christine,f
Cristin,f
Crystal,f
Cyndi,f
Danielle,f
Deborah,f
Elizabeth,f
Emma,f
Francine,f
Ginny,f
Gretta,f
Hilda,f
Jen,f
Jennifer,f
Joanna,f
Julia,f
Katerina,f
Katherine,f
Katie,f
Kimberly,f
Kristin,f
Kyle,m
Lesley,f
Linda,f
Lindsay,f
Lisa,f
Liz,f
Margaret,f
Marla,f
Maura,f
Megan,f
Melissa,f
Meredith,f
Molly,f
Peggy,f
Rebecca,f
Robyn,f
Sally,f
Samantha,f
Sarah,f
Shauna,f
Stacy,f
Susan,f
Susanne,f
Adam,m
Albert,m
Alex,m
Alfred,m
Allen,m
Barry,m
Bob,m
Boris,m
Brad,m
Carson,m
Chadwick,m
Chester,m
Chris,m
Clark,m
Connor,m
Dan,m
Daniel,m
Dave,m
David,m
Denise,m
Dennis,m
Don,m
Donald,m
Drew,m
Evan,m
Francisco,m
Frank,m
Fred,m
Gary,m
Harry,m
Ian,m
Jacob,m
James,m
Jeffrey,m
Jerry,m
Jim,m
Jimmy,m
Joe,m
Joey,m
John,m
Jonathan,m
Joseph,m
Justin,m
Larry,m
Lou,m
Louie,m
Louis,m
Luigi,m
Mack,m
Mario,m
Mitt,m
Nicholas,m
Nick,m
Peter,m
Randy,m
Roland,m
Ronald,m
Rupert,m
Russell,m
Ryan,m
Sam,m
Sean,m
Shawn,m
Stephen,m
Steven,m
Thomas,m
Tim,m
Timothy,m
Tobias,m
Toby,m
Tom,m
Tony,m
Wilbur,m
William,m